id;name;bn_name;url
1;deliver Nevada architect;reintermediate Ergonomic Towels;https://dedrick.info
2;framework auxiliary azure;Coordinator Public-key;https://marcella.info
3;Forks Senior;Hat green program;https://bella.net
4;online optical;Wooden Utah infomediaries;http://heloise.net
5;Officer Ball;multi-byte Forward program;http://darryl.com
6;Hawaii;New Jersey Books;https://logan.name
7;encoding Pennsylvania;Drive Auto Loan Account;https://nasir.net
8;European Unit of Account 17(E.U.A.-17) Tools Latvian Lats;Cote d'Ivoire Handmade Steel Car;http://kamille.org
9;Terrace;users Hat;https://mark.biz
10;Car Washington;strategic;http://braden.info
